employee_id;first_name;last_name;job_title;salary;department_name;address;postal_code;city;country
100;Steven;King;President;24000.00;Executive;2004 Charade Rd;98199;Seattle;United States of America
101;Neena;Kochhar;Administration Vice President;17000.00;Executive;2004 Charade Rd;98199;Seattle;United States of America
102;Lex;De Haan;Administration Vice President;17000.00;Executive;2004 Charade Rd;98199;Seattle;United States of America
103;Alexander;Hunold;Programmer;9000.00;IT;2014 Jabberwocky Rd;26192;Southlake;United States of America
104;Bruce;Ernst;Programmer;6000.00;IT;2014 Jabberwocky Rd;26192;Southlake;United States of America
105;David;Austin;Programmer;4800.00;IT;2014 Jabberwocky Rd;26192;Southlake;United States of America
106;Valli;Pataballa;Programmer;4800.00;IT;2014 Jabberwocky Rd;26192;Southlake;United States of America
107;Diana;Lorentz;Programmer;4200.00;IT;2014 Jabberwocky Rd;26192;Southlake;United States of America
108;Nancy;Greenberg;Finance Manager;12000.00;Finance;2004 Charade Rd;98199;Seattle;United States of America
109;Daniel;Faviet;Accountant;9000.00;Finance;2004 Charade Rd;98199;Seattle;United States of America
110;John;Chen;Accountant;8200.00;Finance;2004 Charade Rd;98199;Seattle;United States of America
111;Ismael;Sciarra;Accountant;7700.00;Finance;2004 Charade Rd;98199;Seattle;United States of America
112;Jose Manuel;Urman;Accountant;7800.00;Finance;2004 Charade Rd;98199;Seattle;United States of America
113;Luis;Popp;Accountant;6900.00;Finance;2004 Charade Rd;98199;Seattle;United States of America
114;Den;Raphaely;Purchasing Manager;11000.00;Purchasing;2004 Charade Rd;98199;Seattle;United States of America
115;Alexander;Khoo;Purchasing Clerk;3100.00;Purchasing;2004 Charade Rd;98199;Seattle;United States of America
116;Shelli;Baida;Purchasing Clerk;2900.00;Purchasing;2004 Charade Rd;98199;Seattle;United States of America
117;Sigal;Tobias;Purchasing Clerk;2800.00;Purchasing;2004 Charade Rd;98199;Seattle;United States of America
118;Guy;Himuro;Purchasing Clerk;2600.00;Purchasing;2004 Charade Rd;98199;Seattle;United States of America
119;Karen;Colmenares;Purchasing Clerk;2500.00;Purchasing;2004 Charade Rd;98199;Seattle;United States of America
120;Matthew;Weiss;Stock Manager;8000.00;Shipping;2011 Interiors Blvd;99236;South San Francisco;United States of America
121;Adam;Fripp;Stock Manager;8200.00;Shipping;2011 Interiors Blvd;99236;South San Francisco;United States of America
122;Payam;Kaufling;Stock Manager;7900.00;Shipping;2011 Interiors Blvd;99236;South San Francisco;United States of America
123;Shanta;Vollman;Stock Manager;6500.00;Shipping;2011 Interiors Blvd;99236;South San Francisco;United States of America
124;Kevin;Mourgos;Stock Manager;5800.00;Shipping;2011 Interiors Blvd;99236;South San Francisco;United States of America
125;Julia;Nayer;Stock Clerk;3200.00;Shipping;2011 Interiors Blvd;99236;South San Francisco;United States of America
126;Irene;Mikkilineni;Stock Clerk;2700.00;Shipping;2011 Interiors Blvd;99236;South San Francisco;United States of America
127;James;Landry;Stock Clerk;2400.00;Shipping;2011 Interiors Blvd;99236;South San Francisco;United States of America
128;Steven;Markle;Stock Clerk;2200.00;Shipping;2011 Interiors Blvd;99236;South San Francisco;United States of America
129;Laura;Bissot;Stock Clerk;3300.00;Shipping;2011 Interiors Blvd;99236;South San Francisco;United States of America
130;Mozhe;Atkinson;Stock Clerk;2800.00;Shipping;2011 Interiors Blvd;99236;South San Francisco;United States of America
131;James;Marlow;Stock Clerk;2500.00;Shipping;2011 Interiors Blvd;99236;South San Francisco;United States of America
132;TJ;Olson;Stock Clerk;2100.00;Shipping;2011 Interiors Blvd;99236;South San Francisco;United States of America
133;Jason;Mallin;Stock Clerk;3300.00;Shipping;2011 Interiors Blvd;99236;South San Francisco;United States of America
134;Michael;Rogers;Stock Clerk;2900.00;Shipping;2011 Interiors Blvd;99236;South San Francisco;United States of America
135;Ki;Gee;Stock Clerk;2400.00;Shipping;2011 Interiors Blvd;99236;South San Francisco;United States of America
136;Hazel;Philtanker;Stock Clerk;2200.00;Shipping;2011 Interiors Blvd;99236;South San Francisco;United States of America
137;Renske;Ladwig;Stock Clerk;3600.00;Shipping;2011 Interiors Blvd;99236;South San Francisco;United States of America
138;Stephen;Stiles;Stock Clerk;3200.00;Shipping;2011 Interiors Blvd;99236;South San Francisco;United States of America
139;John;Seo;Stock Clerk;2700.00;Shipping;2011 Interiors Blvd;99236;South San Francisco;United States of America
140;Joshua;Patel;Stock Clerk;2500.00;Shipping;2011 Interiors Blvd;99236;South San Francisco;United States of America
141;Trenna;Rajs;Stock Clerk;3500.00;Shipping;2011 Interiors Blvd;99236;South San Francisco;United States of America
142;Curtis;Davies;Stock Clerk;3100.00;Shipping;2011 Interiors Blvd;99236;South San Francisco;United States of America
143;Randall;Matos;Stock Clerk;2600.00;Shipping;2011 Interiors Blvd;99236;South San Francisco;United States of America
144;Peter;Vargas;Stock Clerk;2500.00;Shipping;2011 Interiors Blvd;99236;South San Francisco;United States of America
145;John;Russell;Sales Manager;14000.00;Sales;Magdalen Centre, The Oxford Science Park;OX9 9ZB;Oxford;United Kingdom
146;Karen;Partners;Sales Manager;13500.00;Sales;Magdalen Centre, The Oxford Science Park;OX9 9ZB;Oxford;United Kingdom
147;Alberto;Errazuriz;Sales Manager;12000.00;Sales;Magdalen Centre, The Oxford Science Park;OX9 9ZB;Oxford;United Kingdom
148;Gerald;Cambrault;Sales Manager;11000.00;Sales;Magdalen Centre, The Oxford Science Park;OX9 9ZB;Oxford;United Kingdom
149;Eleni;Zlotkey;Sales Manager;10500.00;Sales;Magdalen Centre, The Oxford Science Park;OX9 9ZB;Oxford;United Kingdom
150;Peter;Tucker;Sales Representative;10000.00;Sales;Magdalen Centre, The Oxford Science Park;OX9 9ZB;Oxford;United Kingdom
151;David;Bernstein;Sales Representative;9500.00;Sales;Magdalen Centre, The Oxford Science Park;OX9 9ZB;Oxford;United Kingdom
152;Peter;Hall;Sales Representative;9000.00;Sales;Magdalen Centre, The Oxford Science Park;OX9 9ZB;Oxford;United Kingdom
153;Christopher;Olsen;Sales Representative;8000.00;Sales;Magdalen Centre, The Oxford Science Park;OX9 9ZB;Oxford;United Kingdom
154;Nanette;Cambrault;Sales Representative;7500.00;Sales;Magdalen Centre, The Oxford Science Park;OX9 9ZB;Oxford;United Kingdom
155;Oliver;Tuvault;Sales Representative;7000.00;Sales;Magdalen Centre, The Oxford Science Park;OX9 9ZB;Oxford;United Kingdom
156;Janette;King;Sales Representative;10000.00;Sales;Magdalen Centre, The Oxford Science Park;OX9 9ZB;Oxford;United Kingdom
157;Patrick;Sully;Sales Representative;9500.00;Sales;Magdalen Centre, The Oxford Science Park;OX9 9ZB;Oxford;United Kingdom
158;Allan;McEwen;Sales Representative;9000.00;Sales;Magdalen Centre, The Oxford Science Park;OX9 9ZB;Oxford;United Kingdom
159;Lindsey;Smith;Sales Representative;8000.00;Sales;Magdalen Centre, The Oxford Science Park;OX9 9ZB;Oxford;United Kingdom
160;Louise;Doran;Sales Representative;7500.00;Sales;Magdalen Centre, The Oxford Science Park;OX9 9ZB;Oxford;United Kingdom
161;Sarath;Sewall;Sales Representative;7000.00;Sales;Magdalen Centre, The Oxford Science Park;OX9 9ZB;Oxford;United Kingdom
162;Clara;Vishney;Sales Representative;10500.00;Sales;Magdalen Centre, The Oxford Science Park;OX9 9ZB;Oxford;United Kingdom
163;Danielle;Greene;Sales Representative;9500.00;Sales;Magdalen Centre, The Oxford Science Park;OX9 9ZB;Oxford;United Kingdom
164;Mattea;Marvins;Sales Representative;7200.00;Sales;Magdalen Centre, The Oxford Science Park;OX9 9ZB;Oxford;United Kingdom
165;David;Lee;Sales Representative;6800.00;Sales;Magdalen Centre, The Oxford Science Park;OX9 9ZB;Oxford;United Kingdom
166;Sundar;Ande;Sales Representative;6400.00;Sales;Magdalen Centre, The Oxford Science Park;OX9 9ZB;Oxford;United Kingdom
167;Amit;Banda;Sales Representative;6200.00;Sales;Magdalen Centre, The Oxford Science Park;OX9 9ZB;Oxford;United Kingdom
168;Lisa;Ozer;Sales Representative;11500.00;Sales;Magdalen Centre, The Oxford Science Park;OX9 9ZB;Oxford;United Kingdom
169;Harrison;Bloom;Sales Representative;10000.00;Sales;Magdalen Centre, The Oxford Science Park;OX9 9ZB;Oxford;United Kingdom
170;Tayler;Fox;Sales Representative;9600.00;Sales;Magdalen Centre, The Oxford Science Park;OX9 9ZB;Oxford;United Kingdom
171;William;Smith;Sales Representative;7400.00;Sales;Magdalen Centre, The Oxford Science Park;OX9 9ZB;Oxford;United Kingdom
172;Elizabeth;Bates;Sales Representative;7300.00;Sales;Magdalen Centre, The Oxford Science Park;OX9 9ZB;Oxford;United Kingdom
173;Sundita;Kumar;Sales Representative;6100.00;Sales;Magdalen Centre, The Oxford Science Park;OX9 9ZB;Oxford;United Kingdom
174;Ellen;Abel;Sales Representative;11000.00;Sales;Magdalen Centre, The Oxford Science Park;OX9 9ZB;Oxford;United Kingdom
175;Alyssa;Hutton;Sales Representative;8800.00;Sales;Magdalen Centre, The Oxford Science Park;OX9 9ZB;Oxford;United Kingdom
176;Jonathon;Taylor;Sales Representative;8600.00;Sales;Magdalen Centre, The Oxford Science Park;OX9 9ZB;Oxford;United Kingdom
177;Jack;Livingston;Sales Representative;8400.00;Sales;Magdalen Centre, The Oxford Science Park;OX9 9ZB;Oxford;United Kingdom
178;Kimberely;Grant;Sales Representative;7000.00;;;;;
179;Charles;Johnson;Sales Representative;6200.00;Sales;Magdalen Centre, The Oxford Science Park;OX9 9ZB;Oxford;United Kingdom
180;Winston;Taylor;Shipping Clerk;3200.00;Shipping;2011 Interiors Blvd;99236;South San Francisco;United States of America
181;Jean;Fleaur;Shipping Clerk;3100.00;Shipping;2011 Interiors Blvd;99236;South San Francisco;United States of America
182;Martha;Sullivan;Shipping Clerk;2500.00;Shipping;2011 Interiors Blvd;99236;South San Francisco;United States of America
183;Girard;Geoni;Shipping Clerk;2800.00;Shipping;2011 Interiors Blvd;99236;South San Francisco;United States of America
184;Nandita;Sarchand;Shipping Clerk;4200.00;Shipping;2011 Interiors Blvd;99236;South San Francisco;United States of America
185;Alexis;Bull;Shipping Clerk;4100.00;Shipping;2011 Interiors Blvd;99236;South San Francisco;United States of America
186;Julia;Dellinger;Shipping Clerk;3400.00;Shipping;2011 Interiors Blvd;99236;South San Francisco;United States of America
187;Anthony;Cabrio;Shipping Clerk;3000.00;Shipping;2011 Interiors Blvd;99236;South San Francisco;United States of America
188;Kelly;Chung;Shipping Clerk;3800.00;Shipping;2011 Interiors Blvd;99236;South San Francisco;United States of America
189;Jennifer;Dilly;Shipping Clerk;3600.00;Shipping;2011 Interiors Blvd;99236;South San Francisco;United States of America
190;Timothy;Gates;Shipping Clerk;2900.00;Shipping;2011 Interiors Blvd;99236;South San Francisco;United States of America
191;Randall;Perkins;Shipping Clerk;2500.00;Shipping;2011 Interiors Blvd;99236;South San Francisco;United States of America
192;Sarah;Bell;Shipping Clerk;4000.00;Shipping;2011 Interiors Blvd;99236;South San Francisco;United States of America
193;Britney;Everett;Shipping Clerk;3900.00;Shipping;2011 Interiors Blvd;99236;South San Francisco;United States of America
194;Samuel;McCain;Shipping Clerk;3200.00;Shipping;2011 Interiors Blvd;99236;South San Francisco;United States of America
195;Vance;Jones;Shipping Clerk;2800.00;Shipping;2011 Interiors Blvd;99236;South San Francisco;United States of America
196;Alana;Walsh;Shipping Clerk;3100.00;Shipping;2011 Interiors Blvd;99236;South San Francisco;United States of America
197;Kevin;Feeney;Shipping Clerk;3000.00;Shipping;2011 Interiors Blvd;99236;South San Francisco;United States of America
198;Donald;OConnell;Shipping Clerk;2600.00;Shipping;2011 Interiors Blvd;99236;South San Francisco;United States of America
199;Douglas;Grant;Shipping Clerk;2600.00;Shipping;2011 Interiors Blvd;99236;South San Francisco;United States of America
200;Jennifer;Whalen;Administration Assistant;4400.00;Administration;2004 Charade Rd;98199;Seattle;United States of America
201;Michael;Hartstein;Marketing Manager;13000.00;Marketing;147 Spadina Ave;M5V 2L7;Toronto;Canada
202;Pat;Fay;Marketing Representative;6000.00;Marketing;147 Spadina Ave;M5V 2L7;Toronto;Canada
203;Susan;Mavris;Human Resources Representative;6500.00;Human Resources;8204 Arthur St;;London;United Kingdom
204;Hermann;Baer;Public Relations Representative;10000.00;Public Relations;Schwanthalerstr. 7031;80925;Munich;Germany
205;Shelley;Higgins;Accounting Manager;12000.00;Accounting;2004 Charade Rd;98199;Seattle;United States of America
206;William;Gietz;Public Accountant;8300.00;Accounting;2004 Charade Rd;98199;Seattle;United States of America
(107 wierszy)
employee_id;first_name;last_name;job_title;salary;department_name;address;postal_code;city;country
100;Steven;King;President;24000;Executive;2004 Charade Rd;98199;Seattle;United States of America
101;Neena;Kochhar;Administration Vice President;17000;Executive;2004 Charade Rd;98199;Seattle;United States of America
102;Lex;De Haan;Administration Vice President;17000;Executive;2004 Charade Rd;98199;Seattle;United States of America
103;Alexander;Hunold;Programmer;9000;IT;2014 Jabberwocky Rd;26192;Southlake;United States of America
104;Bruce;Ernst;Programmer;6000;IT;2014 Jabberwocky Rd;26192;Southlake;United States of America
105;David;Austin;Programmer;4800;IT;2014 Jabberwocky Rd;26192;Southlake;United States of America
106;Valli;Pataballa;Programmer;4800;IT;2014 Jabberwocky Rd;26192;Southlake;United States of America
107;Diana;Lorentz;Programmer;4200;IT;2014 Jabberwocky Rd;26192;Southlake;United States of America
108;Nancy;Greenberg;Finance Manager;12000;Finance;2004 Charade Rd;98199;Seattle;United States of America
109;Daniel;Faviet;Accountant;9000;Finance;2004 Charade Rd;98199;Seattle;United States of America
110;John;Chen;Accountant;8200;Finance;2004 Charade Rd;98199;Seattle;United States of America
111;Ismael;Sciarra;Accountant;7700;Finance;2004 Charade Rd;98199;Seattle;United States of America
112;Jose Manuel;Urman;Accountant;7800;Finance;2004 Charade Rd;98199;Seattle;United States of America
113;Luis;Popp;Accountant;6900;Finance;2004 Charade Rd;98199;Seattle;United States of America
114;Den;Raphaely;Purchasing Manager;11000;Purchasing;2004 Charade Rd;98199;Seattle;United States of America
115;Alexander;Khoo;Purchasing Clerk;3100;Purchasing;2004 Charade Rd;98199;Seattle;United States of America
116;Shelli;Baida;Purchasing Clerk;2900;Purchasing;2004 Charade Rd;98199;Seattle;United States of America
117;Sigal;Tobias;Purchasing Clerk;2800;Purchasing;2004 Charade Rd;98199;Seattle;United States of America
118;Guy;Himuro;Purchasing Clerk;2600;Purchasing;2004 Charade Rd;98199;Seattle;United States of America
119;Karen;Colmenares;Purchasing Clerk;2500;Purchasing;2004 Charade Rd;98199;Seattle;United States of America
120;Matthew;Weiss;Stock Manager;8000;Shipping;2011 Interiors Blvd;99236;South San Francisco;United States of America
121;Adam;Fripp;Stock Manager;8200;Shipping;2011 Interiors Blvd;99236;South San Francisco;United States of America
122;Payam;Kaufling;Stock Manager;7900;Shipping;2011 Interiors Blvd;99236;South San Francisco;United States of America
123;Shanta;Vollman;Stock Manager;6500;Shipping;2011 Interiors Blvd;99236;South San Francisco;United States of America
124;Kevin;Mourgos;Stock Manager;5800;Shipping;2011 Interiors Blvd;99236;South San Francisco;United States of America
125;Julia;Nayer;Stock Clerk;3200;Shipping;2011 Interiors Blvd;99236;South San Francisco;United States of America
126;Irene;Mikkilineni;Stock Clerk;2700;Shipping;2011 Interiors Blvd;99236;South San Francisco;United States of America
127;James;Landry;Stock Clerk;2400;Shipping;2011 Interiors Blvd;99236;South San Francisco;United States of America
128;Steven;Markle;Stock Clerk;2200;Shipping;2011 Interiors Blvd;99236;South San Francisco;United States of America
129;Laura;Bissot;Stock Clerk;3300;Shipping;2011 Interiors Blvd;99236;South San Francisco;United States of America
130;Mozhe;Atkinson;Stock Clerk;2800;Shipping;2011 Interiors Blvd;99236;South San Francisco;United States of America
131;James;Marlow;Stock Clerk;2500;Shipping;2011 Interiors Blvd;99236;South San Francisco;United States of America
132;TJ;Olson;Stock Clerk;2100;Shipping;2011 Interiors Blvd;99236;South San Francisco;United States of America
133;Jason;Mallin;Stock Clerk;3300;Shipping;2011 Interiors Blvd;99236;South San Francisco;United States of America
134;Michael;Rogers;Stock Clerk;2900;Shipping;2011 Interiors Blvd;99236;South San Francisco;United States of America
135;Ki;Gee;Stock Clerk;2400;Shipping;2011 Interiors Blvd;99236;South San Francisco;United States of America
136;Hazel;Philtanker;Stock Clerk;2200;Shipping;2011 Interiors Blvd;99236;South San Francisco;United States of America
137;Renske;Ladwig;Stock Clerk;3600;Shipping;2011 Interiors Blvd;99236;South San Francisco;United States of America
138;Stephen;Stiles;Stock Clerk;3200;Shipping;2011 Interiors Blvd;99236;South San Francisco;United States of America
139;John;Seo;Stock Clerk;2700;Shipping;2011 Interiors Blvd;99236;South San Francisco;United States of America
140;Joshua;Patel;Stock Clerk;2500;Shipping;2011 Interiors Blvd;99236;South San Francisco;United States of America
141;Trenna;Rajs;Stock Clerk;3500;Shipping;2011 Interiors Blvd;99236;South San Francisco;United States of America
142;Curtis;Davies;Stock Clerk;3100;Shipping;2011 Interiors Blvd;99236;South San Francisco;United States of America
143;Randall;Matos;Stock Clerk;2600;Shipping;2011 Interiors Blvd;99236;South San Francisco;United States of America
144;Peter;Vargas;Stock Clerk;2500;Shipping;2011 Interiors Blvd;99236;South San Francisco;United States of America
145;John;Russell;Sales Manager;14000;Sales;Magdalen Centre, The Oxford Science Park;OX9 9ZB;Oxford;United Kingdom
146;Karen;Partners;Sales Manager;13500;Sales;Magdalen Centre, The Oxford Science Park;OX9 9ZB;Oxford;United Kingdom
147;Alberto;Errazuriz;Sales Manager;12000;Sales;Magdalen Centre, The Oxford Science Park;OX9 9ZB;Oxford;United Kingdom
148;Gerald;Cambrault;Sales Manager;11000;Sales;Magdalen Centre, The Oxford Science Park;OX9 9ZB;Oxford;United Kingdom
149;Eleni;Zlotkey;Sales Manager;10500;Sales;Magdalen Centre, The Oxford Science Park;OX9 9ZB;Oxford;United Kingdom
150;Peter;Tucker;Sales Representative;10000;Sales;Magdalen Centre, The Oxford Science Park;OX9 9ZB;Oxford;United Kingdom
151;David;Bernstein;Sales Representative;9500;Sales;Magdalen Centre, The Oxford Science Park;OX9 9ZB;Oxford;United Kingdom
152;Peter;Hall;Sales Representative;9000;Sales;Magdalen Centre, The Oxford Science Park;OX9 9ZB;Oxford;United Kingdom
153;Christopher;Olsen;Sales Representative;8000;Sales;Magdalen Centre, The Oxford Science Park;OX9 9ZB;Oxford;United Kingdom
154;Nanette;Cambrault;Sales Representative;7500;Sales;Magdalen Centre, The Oxford Science Park;OX9 9ZB;Oxford;United Kingdom
155;Oliver;Tuvault;Sales Representative;7000;Sales;Magdalen Centre, The Oxford Science Park;OX9 9ZB;Oxford;United Kingdom
156;Janette;King;Sales Representative;10000;Sales;Magdalen Centre, The Oxford Science Park;OX9 9ZB;Oxford;United Kingdom
157;Patrick;Sully;Sales Representative;9500;Sales;Magdalen Centre, The Oxford Science Park;OX9 9ZB;Oxford;United Kingdom
158;Allan;McEwen;Sales Representative;9000;Sales;Magdalen Centre, The Oxford Science Park;OX9 9ZB;Oxford;United Kingdom
159;Lindsey;Smith;Sales Representative;8000;Sales;Magdalen Centre, The Oxford Science Park;OX9 9ZB;Oxford;United Kingdom
160;Louise;Doran;Sales Representative;7500;Sales;Magdalen Centre, The Oxford Science Park;OX9 9ZB;Oxford;United Kingdom
161;Sarath;Sewall;Sales Representative;7000;Sales;Magdalen Centre, The Oxford Science Park;OX9 9ZB;Oxford;United Kingdom
162;Clara;Vishney;Sales Representative;10500;Sales;Magdalen Centre, The Oxford Science Park;OX9 9ZB;Oxford;United Kingdom
163;Danielle;Greene;Sales Representative;9500;Sales;Magdalen Centre, The Oxford Science Park;OX9 9ZB;Oxford;United Kingdom
164;Mattea;Marvins;Sales Representative;7200;Sales;Magdalen Centre, The Oxford Science Park;OX9 9ZB;Oxford;United Kingdom
165;David;Lee;Sales Representative;6800;Sales;Magdalen Centre, The Oxford Science Park;OX9 9ZB;Oxford;United Kingdom
166;Sundar;Ande;Sales Representative;6400;Sales;Magdalen Centre, The Oxford Science Park;OX9 9ZB;Oxford;United Kingdom
167;Amit;Banda;Sales Representative;6200;Sales;Magdalen Centre, The Oxford Science Park;OX9 9ZB;Oxford;United Kingdom
168;Lisa;Ozer;Sales Representative;11500;Sales;Magdalen Centre, The Oxford Science Park;OX9 9ZB;Oxford;United Kingdom
169;Harrison;Bloom;Sales Representative;10000;Sales;Magdalen Centre, The Oxford Science Park;OX9 9ZB;Oxford;United Kingdom
170;Tayler;Fox;Sales Representative;9600;Sales;Magdalen Centre, The Oxford Science Park;OX9 9ZB;Oxford;United Kingdom
171;William;Smith;Sales Representative;7400;Sales;Magdalen Centre, The Oxford Science Park;OX9 9ZB;Oxford;United Kingdom
172;Elizabeth;Bates;Sales Representative;7300;Sales;Magdalen Centre, The Oxford Science Park;OX9 9ZB;Oxford;United Kingdom
173;Sundita;Kumar;Sales Representative;6100;Sales;Magdalen Centre, The Oxford Science Park;OX9 9ZB;Oxford;United Kingdom
174;Ellen;Abel;Sales Representative;11000;Sales;Magdalen Centre, The Oxford Science Park;OX9 9ZB;Oxford;United Kingdom
175;Alyssa;Hutton;Sales Representative;8800;Sales;Magdalen Centre, The Oxford Science Park;OX9 9ZB;Oxford;United Kingdom
176;Jonathon;Taylor;Sales Representative;8600;Sales;Magdalen Centre, The Oxford Science Park;OX9 9ZB;Oxford;United Kingdom
177;Jack;Livingston;Sales Representative;8400;Sales;Magdalen Centre, The Oxford Science Park;OX9 9ZB;Oxford;United Kingdom
178;Kimberely;Grant;Sales Representative;7000;;;;;
179;Charles;Johnson;Sales Representative;6200;Sales;Magdalen Centre, The Oxford Science Park;OX9 9ZB;Oxford;United Kingdom
180;Winston;Taylor;Shipping Clerk;3200;Shipping;2011 Interiors Blvd;99236;South San Francisco;United States of America
181;Jean;Fleaur;Shipping Clerk;3100;Shipping;2011 Interiors Blvd;99236;South San Francisco;United States of America
182;Martha;Sullivan;Shipping Clerk;2500;Shipping;2011 Interiors Blvd;99236;South San Francisco;United States of America
183;Girard;Geoni;Shipping Clerk;2800;Shipping;2011 Interiors Blvd;99236;South San Francisco;United States of America
184;Nandita;Sarchand;Shipping Clerk;4200;Shipping;2011 Interiors Blvd;99236;South San Francisco;United States of America
185;Alexis;Bull;Shipping Clerk;4100;Shipping;2011 Interiors Blvd;99236;South San Francisco;United States of America
186;Julia;Dellinger;Shipping Clerk;3400;Shipping;2011 Interiors Blvd;99236;South San Francisco;United States of America
187;Anthony;Cabrio;Shipping Clerk;3000;Shipping;2011 Interiors Blvd;99236;South San Francisco;United States of America
188;Kelly;Chung;Shipping Clerk;3800;Shipping;2011 Interiors Blvd;99236;South San Francisco;United States of America
189;Jennifer;Dilly;Shipping Clerk;3600;Shipping;2011 Interiors Blvd;99236;South San Francisco;United States of America
190;Timothy;Gates;Shipping Clerk;2900;Shipping;2011 Interiors Blvd;99236;South San Francisco;United States of America
191;Randall;Perkins;Shipping Clerk;2500;Shipping;2011 Interiors Blvd;99236;South San Francisco;United States of America
192;Sarah;Bell;Shipping Clerk;4000;Shipping;2011 Interiors Blvd;99236;South San Francisco;United States of America
193;Britney;Everett;Shipping Clerk;3900;Shipping;2011 Interiors Blvd;99236;South San Francisco;United States of America
194;Samuel;McCain;Shipping Clerk;3200;Shipping;2011 Interiors Blvd;99236;South San Francisco;United States of America
195;Vance;Jones;Shipping Clerk;2800;Shipping;2011 Interiors Blvd;99236;South San Francisco;United States of America
196;Alana;Walsh;Shipping Clerk;3100;Shipping;2011 Interiors Blvd;99236;South San Francisco;United States of America
197;Kevin;Feeney;Shipping Clerk;3000;Shipping;2011 Interiors Blvd;99236;South San Francisco;United States of America
198;Donald;OConnell;Shipping Clerk;2600;Shipping;2011 Interiors Blvd;99236;South San Francisco;United States of America
199;Douglas;Grant;Shipping Clerk;2600;Shipping;2011 Interiors Blvd;99236;South San Francisco;United States of America
200;Jennifer;Whalen;Administration Assistant;4400;Administration;2004 Charade Rd;98199;Seattle;United States of America
201;Michael;Hartstein;Marketing Manager;13000;Marketing;147 Spadina Ave;M5V 2L7;Toronto;Canada
202;Pat;Fay;Marketing Representative;6000;Marketing;147 Spadina Ave;M5V 2L7;Toronto;Canada
203;Susan;Mavris;Human Resources Representative;6500;Human Resources;8204 Arthur St;;London;United Kingdom
204;Hermann;Baer;Public Relations Representative;10000;Public Relations;Schwanthalerstr. 7031;80925;Munich;Germany
205;Shelley;Higgins;Accounting Manager;12000;Accounting;2004 Charade Rd;98199;Seattle;United States of America
206;William;Gietz;Public Accountant;8300;Accounting;2004 Charade Rd;98199;Seattle;United States of America
(107 wierszy)
